{"cameraMode":{"drawMode":0,"name":"Shaded","section":"Shading Mode"},"sceneLighting":false,"audioPlay":false,"sceneViewState":{"showFog":true,"showMaterialUpdate":false,"showSkybox":false,"showFlares":true,"showImageEffects":true,"showParticleSystems":true},"in2DMode":false,"pivot":{"x":-2.7937424182891847,"y":0.3977912664413452,"z":1.7619993686676026},"rotation":{"x":-0.10027499496936798,"y":-0.6340818405151367,"z":0.083420030772686,"w":-0.7621902823448181},"size":0.7994756102561951,"orthographic":false}