{"cameraMode":{"drawMode":0,"name":"Shaded","section":"Shading Mode"},"sceneLighting":false,"audioPlay":false,"sceneViewState":{"showFog":true,"showMaterialUpdate":false,"showSkybox":false,"showFlares":true,"showImageEffects":true,"showParticleSystems":true},"in2DMode":false,"pivot":{"x":-2.5242056846618654,"y":-2.623000144958496,"z":-8.011507034301758},"rotation":{"x":-0.007164833135902882,"y":0.9928342700004578,"z":-0.08509480953216553,"w":-0.08359476178884506},"size":14.622657775878907,"orthographic":false}