{"cameraMode":{"drawMode":0,"name":"Shaded","section":"Shading Mode"},"sceneLighting":false,"audioPlay":false,"sceneViewState":{"showFog":true,"showMaterialUpdate":false,"showSkybox":false,"showFlares":true,"showImageEffects":true,"showParticleSystems":true},"in2DMode":false,"pivot":{"x":0.21000000834465028,"y":0.8100000619888306,"z":0.12000012397766113},"rotation":{"x":-0.10027499496936798,"y":-0.6340818405151367,"z":0.083420030772686,"w":-0.7621902823448181},"size":0.9881802201271057,"orthographic":false}