{"cameraMode":{"drawMode":0,"name":"Shaded","section":"Shading Mode"},"sceneLighting":false,"audioPlay":false,"sceneViewState":{"showFog":true,"showMaterialUpdate":false,"showSkybox":false,"showFlares":true,"showImageEffects":true,"showParticleSystems":true},"in2DMode":false,"pivot":{"x":-0.3565659523010254,"y":0.8307726383209229,"z":0.40900808572769167},"rotation":{"x":-0.10027499496936798,"y":-0.6340818405151367,"z":0.083420030772686,"w":-0.7621902823448181},"size":1.3764729499816895,"orthographic":false}