{"cameraMode":{"drawMode":0,"name":"Shaded","section":"Shading Mode"},"sceneLighting":false,"audioPlay":false,"sceneViewState":{"showFog":true,"showMaterialUpdate":false,"showSkybox":false,"showFlares":true,"showImageEffects":true,"showParticleSystems":true},"in2DMode":false,"pivot":{"x":0.004835605621337891,"y":-0.2794099450111389,"z":-0.26620006561279299},"rotation":{"x":-0.2603623867034912,"y":0.3415604829788208,"z":-0.09907187521457672,"w":-0.8976261019706726},"size":11.609657287597657,"orthographic":false}