{"cameraMode":{"drawMode":0,"name":"Shaded","section":"Shading Mode"},"sceneLighting":false,"audioPlay":false,"sceneViewState":{"showFog":true,"showMaterialUpdate":false,"showSkybox":false,"showFlares":true,"showImageEffects":true,"showParticleSystems":true},"in2DMode":false,"pivot":{"x":-0.12718448042869569,"y":1.0668933391571046,"z":1.226191520690918},"rotation":{"x":0.16484136879444123,"y":-0.05914079770445824,"z":0.009902131743729115,"w":0.9844985008239746},"size":1.1750009059906006,"orthographic":true}