{"cameraMode":{"drawMode":0,"name":"Shaded","section":"Shading Mode"},"sceneLighting":false,"audioPlay":false,"sceneViewState":{"showFog":true,"showMaterialUpdate":false,"showSkybox":false,"showFlares":true,"showImageEffects":true,"showParticleSystems":true},"in2DMode":false,"pivot":{"x":1.3600010871887208,"y":2.232231378555298,"z":-0.760000467300415},"rotation":{"x":-0.10027499496936798,"y":-0.6340818405151367,"z":0.083420030772686,"w":-0.7621902823448181},"size":3.0726020336151125,"orthographic":false}